{
  "project_info": {
    "project_number": "46008558397",
    "firebase_url": "https://android-pokeman.firebaseio.com",
    "project_id": "android-pokeman",
    "storage_bucket": "android-pokeman.appspot.com"
  },
  "client": [
    {
      "client_info": {
        "mobilesdk_app_id": "1:46008558397:android:c4923259a88f4d118a1b54",
        "android_client_info": {
          "package_name": "com.podevs.android.poAndroid"
        }
      },
      "oauth_client": [
        {
          "client_id": "46008558397-gmcn4eplvp5ii5maon8sitiokothkeko.apps.googleusercontent.com",
          "client_type": 3
        }
      ],
      "api_key": [
        {
          "current_key": "AIzaSyAZZA-MUjqCiIwsQe4yGzHiIC-__N_S630"
        }
      ],
      "services": {
        "appinvite_service": {
          "other_platform_oauth_client": [
            {
              "client_id": "46008558397-gmcn4eplvp5ii5maon8sitiokothkeko.apps.googleusercontent.com",
              "client_type": 3
            }
          ]
        }
      }
    }
  ],
  "configuration_version": "1"
}